{"count":18,"results":[{"id":1,"type":"page","location":"f728b59162070b33893b6c3211bfe338/Picture_1.png","challenge_id":null,"page_id":null},{"id":2,"type":"page","location":"14ab025320b433a326c75e5c16f373bb/Picture.png","challenge_id":null,"page_id":null},{"id":3,"type":"page","location":"ff088b3d30034cd047f4268c21ab8a0f/Picture_21.png","challenge_id":null,"page_id":null},{"id":4,"type":"page","location":"7ee2417ba9c4bde9bd030466a8b48f07/Picture_12.png","challenge_id":null,"page_id":null},{"id":5,"type":"page","location":"c51850b4e20728576c7b5550d75666e0/1Picture_1.png","challenge_id":null,"page_id":null},{"id":6,"type":"page","location":"d45d8530f81eeee2d37b21245439c094/Picture_1.png","challenge_id":null,"page_id":null},{"id":7,"type":"page","location":"3c59052452e99b0fc42a19f94b084f37/2222.png","challenge_id":null,"page_id":null},{"id":8,"type":"page","location":"094ee7ad965b3f53289c7465b6c9c505/sai2.png","challenge_id":null,"page_id":null},{"id":9,"type":"page","location":"90e7975409a70b3e673f47a40af1921c/man.png","challenge_id":null,"page_id":null},{"id":10,"type":"page","location":"a80b9723c55bf5c414e39647e2f23537/sheld.png","challenge_id":null,"page_id":null},{"id":11,"type":"page","location":"f4c067eac0d0f8440d72b06a9eb7f9a9/key.png","challenge_id":null,"page_id":null},{"id":12,"type":"page","location":"1abab114ec769982ad9042860082452b/mp3","challenge_id":null,"page_id":null},{"id":13,"type":"challenge","location":"dbfc9a34d549c166b05f4da6d26f0d1b/mp3","challenge_id":103,"page_id":null},{"id":14,"type":"page","location":"b318b5187741fb544c43fb9e42a3a3b0/Screenshot_2021-05-14_at_03.22.25.png","challenge_id":null,"page_id":null},{"id":15,"type":"page","location":"0443e4da274a0feada11ffea2148542e/Screenshot_2021-05-14_at_03.32.03.png","challenge_id":null,"page_id":null},{"id":16,"type":"page","location":"704c8a5c8ebcf4618767ca038af7b158/Screenshot_2021-05-14_at_03.35.27.png","challenge_id":null,"page_id":null},{"id":17,"type":"standard","location":"c9e71560cef6edd90d9a3cea25474bd5/D13903C9-7263-481D-ABCA-5CF27A42A7EF.png","challenge_id":null,"page_id":null},{"id":18,"type":"standard","location":"7034cc8ae8a65e872b697733845af2cb/1F33EF4B-608D-49E4-97A2-FA8986D1FCF7.png","challenge_id":null,"page_id":null}],"meta":{}}